<?xml version="1.0" encoding="UTF-8"?>
<configurationDescriptor version="65">
  <logicalFolder name="root" displayName="root" projectFiles="true">
    <logicalFolder name="HeaderFiles"
                   displayName="Header Files"
                   projectFiles="true">
      <logicalFolder name="ECU_Layer" displayName="ECU_Layer" projectFiles="true">
        <logicalFolder name="7-segment" displayName="7-segment" projectFiles="true">
          <itemPath>ECU_Layer/7-segment/ecu_seven_segment.h</itemPath>
          <itemPath>ECU_Layer/7-segment/ecu_seven_segment_config.h</itemPath>
        </logicalFolder>
        <logicalFolder name="button" displayName="button" projectFiles="true">
          <itemPath>ECU_Layer/button/ecu_button.h</itemPath>
          <itemPath>ECU_Layer/button/ecu_button_config.h</itemPath>
        </logicalFolder>
        <logicalFolder name="chr_lcd" displayName="chr_lcd" projectFiles="true">
          <itemPath>ECU_Layer/chr_lcd/ecu_chr_lcd.h</itemPath>
          <itemPath>ECU_Layer/chr_lcd/ecu_chr_lcd_config.h</itemPath>
        </logicalFolder>
        <logicalFolder name="keypad" displayName="keypad" projectFiles="true">
          <itemPath>ECU_Layer/keypad/ecu_keypad.h</itemPath>
          <itemPath>ECU_Layer/keypad/ecu_keypad_config.h</itemPath>
        </logicalFolder>
        <logicalFolder name="LED" displayName="LED" projectFiles="true">
          <itemPath>ECU_Layer/LED/ecu_led.h</itemPath>
          <itemPath>ECU_Layer/LED/ecu_led_config.h</itemPath>
        </logicalFolder>
        <logicalFolder name="motor" displayName="motor" projectFiles="true">
          <itemPath>ECU_Layer/motor/ecu_dc_motor.h</itemPath>
          <itemPath>ECU_Layer/motor/ecu_dc_motor_config.h</itemPath>
        </logicalFolder>
        <logicalFolder name="Relay" displayName="Relay" projectFiles="true">
          <itemPath>ECU_Layer/Relay/ecu_relay.h</itemPath>
          <itemPath>ECU_Layer/Relay/ecu_relay_cfg.h</itemPath>
        </logicalFolder>
        <itemPath>ECU_Layer/ecu_layer_init.h</itemPath>
      </logicalFolder>
      <logicalFolder name="MCAL_Layer" displayName="MCAL_Layer" projectFiles="true">
        <logicalFolder name="ADC" displayName="ADC" projectFiles="true">
          <itemPath>MCAL_Layer/ADC/mcal_adc.h</itemPath>
          <itemPath>MCAL_Layer/ADC/mcal_adc_cfg.h</itemPath>
        </logicalFolder>
        <logicalFolder name="CCP" displayName="CCP" projectFiles="true">
          <itemPath>MCAL_Layer/CCP/mcal_ccp.h</itemPath>
          <itemPath>MCAL_Layer/CCP/mcal_ccp_cfg.h</itemPath>
        </logicalFolder>
        <logicalFolder name="EEPROM" displayName="EEPROM" projectFiles="true">
          <itemPath>MCAL_Layer/EEPROM/mcal_eeprom.h</itemPath>
        </logicalFolder>
        <logicalFolder name="GPIO" displayName="GPIO" projectFiles="true">
          <itemPath>MCAL_Layer/GPIO/hal_gpio.h</itemPath>
          <itemPath>MCAL_Layer/GPIO/hal_gpio_cfg.h</itemPath>
        </logicalFolder>
        <logicalFolder name="I2C" displayName="I2C" projectFiles="true">
          <itemPath>MCAL_Layer/I2C/mcal_i2c.h</itemPath>
        </logicalFolder>
        <logicalFolder name="interrupt" displayName="interrupt" projectFiles="true">
          <itemPath>MCAL_Layer/interrupt/mcal_interrupt_config.h</itemPath>
          <itemPath>MCAL_Layer/interrupt/mcal_internal_interrupt.h</itemPath>
          <itemPath>MCAL_Layer/interrupt/mcal_external_interrupt.h</itemPath>
          <itemPath>MCAL_Layer/interrupt/mcal_interrupt_manager.h</itemPath>
          <itemPath>MCAL_Layer/interrupt/mcal_interrupt_gen_cfg.h</itemPath>
        </logicalFolder>
        <logicalFolder name="Timer0" displayName="Timer0" projectFiles="true">
          <itemPath>MCAL_Layer/Timer0/mcal_timer0.h</itemPath>
        </logicalFolder>
        <logicalFolder name="Timer1" displayName="Timer1" projectFiles="true">
          <itemPath>MCAL_Layer/Timer1/mcal_timer1.h</itemPath>
        </logicalFolder>
        <logicalFolder name="Timer2" displayName="Timer2" projectFiles="true">
          <itemPath>MCAL_Layer/Timer2/mcal_timer2.h</itemPath>
        </logicalFolder>
        <logicalFolder name="Timer3" displayName="Timer3" projectFiles="true">
          <itemPath>MCAL_Layer/Timer3/mcal_timer3.h</itemPath>
        </logicalFolder>
        <logicalFolder name="usart" displayName="usart" projectFiles="true">
          <itemPath>MCAL_Layer/usart/mcal_usart.h</itemPath>
          <itemPath>MCAL_Layer/usart/mcal_usart_cfg.h</itemPath>
        </logicalFolder>
        <itemPath>MCAL_Layer/std_libraries.h</itemPath>
        <itemPath>MCAL_Layer/compiler.h</itemPath>
        <itemPath>MCAL_Layer/device_config.h</itemPath>
        <itemPath>MCAL_Layer/mcal_std_types.h</itemPath>
      </logicalFolder>
      <itemPath>smart_home.h</itemPath>
    </logicalFolder>
    <logicalFolder name="LinkerScript"
                   displayName="Linker Files"
                   projectFiles="true">
    </logicalFolder>
    <logicalFolder name="SourceFiles"
                   displayName="Source Files"
                   projectFiles="true">
      <logicalFolder name="ECU_Layer" displayName="ECU_Layer" projectFiles="true">
        <logicalFolder name="7-segment" displayName="7-segment" projectFiles="true">
          <itemPath>ECU_Layer/7-segment/ecu_seven_segment.c</itemPath>
        </logicalFolder>
        <logicalFolder name="button" displayName="button" projectFiles="true">
          <itemPath>ECU_Layer/button/ecu_button.c</itemPath>
        </logicalFolder>
        <logicalFolder name="chr_lcd" displayName="chr_lcd" projectFiles="true">
          <itemPath>ECU_Layer/chr_lcd/ecu_chr_lcd.c</itemPath>
        </logicalFolder>
        <logicalFolder name="keypad" displayName="keypad" projectFiles="true">
          <itemPath>ECU_Layer/keypad/ecu_keypad.c</itemPath>
        </logicalFolder>
        <logicalFolder name="LED" displayName="LED" projectFiles="true">
          <itemPath>ECU_Layer/LED/ecu_led.c</itemPath>
        </logicalFolder>
        <logicalFolder name="motor" displayName="motor" projectFiles="true">
          <itemPath>ECU_Layer/motor/ecu_dc_motor.c</itemPath>
        </logicalFolder>
        <logicalFolder name="Relay" displayName="Relay" projectFiles="true">
          <itemPath>ECU_Layer/Relay/ecu_relay.c</itemPath>
        </logicalFolder>
        <itemPath>ECU_Layer/ecu_layer_init.c</itemPath>
      </logicalFolder>
      <logicalFolder name="MCAL_Layer" displayName="MCAL_Layer" projectFiles="true">
        <logicalFolder name="ADC" displayName="ADC" projectFiles="true">
          <itemPath>MCAL_Layer/ADC/mcal_adc.c</itemPath>
        </logicalFolder>
        <logicalFolder name="CCP" displayName="CCP" projectFiles="true">
          <itemPath>MCAL_Layer/CCP/mcal_ccp.c</itemPath>
        </logicalFolder>
        <logicalFolder name="EEPROM" displayName="EEPROM" projectFiles="true">
          <itemPath>MCAL_Layer/EEPROM/mcal_eeprom.c</itemPath>
        </logicalFolder>
        <logicalFolder name="GPIO" displayName="GPIO" projectFiles="true">
          <itemPath>MCAL_Layer/GPIO/hal_gpio.c</itemPath>
        </logicalFolder>
        <logicalFolder name="I2C" displayName="I2C" projectFiles="true">
          <itemPath>MCAL_Layer/I2C/mcal_i2c.c</itemPath>
        </logicalFolder>
        <logicalFolder name="interrupt" displayName="interrupt" projectFiles="true">
          <itemPath>MCAL_Layer/interrupt/mcal_internal_interrupt.c</itemPath>
          <itemPath>MCAL_Layer/interrupt/mcal_external_interrupt.c</itemPath>
          <itemPath>MCAL_Layer/interrupt/mcal_interrupt_manager.c</itemPath>
        </logicalFolder>
        <logicalFolder name="Timer0" displayName="Timer0" projectFiles="true">
          <itemPath>MCAL_Layer/Timer0/mcal_timer0.c</itemPath>
        </logicalFolder>
        <logicalFolder name="Timer1" displayName="Timer1" projectFiles="true">
          <itemPath>MCAL_Layer/Timer1/mcal_timer1.c</itemPath>
        </logicalFolder>
        <logicalFolder name="Timer2" displayName="Timer2" projectFiles="true">
          <itemPath>MCAL_Layer/Timer2/mcal_timer2.c</itemPath>
        </logicalFolder>
        <logicalFolder name="Timer3" displayName="Timer3" projectFiles="true">
          <itemPath>MCAL_Layer/Timer3/mcal_timer3.c</itemPath>
        </logicalFolder>
        <logicalFolder name="usart" displayName="usart" projectFiles="true">
          <itemPath>MCAL_Layer/usart/mcal_usart.c</itemPath>
        </logicalFolder>
        <itemPath>MCAL_Layer/device_config.c</itemPath>
      </logicalFolder>
      <itemPath>smart_home.c</itemPath>
    </logicalFolder>
    <logicalFolder name="ExternalFiles"
                   displayName="Important Files"
                   projectFiles="false">
      <itemPath>Makefile</itemPath>
    </logicalFolder>
  </logicalFolder>
  <sourceRootList>
    <Elem>MCAL_Layer</Elem>
    <Elem>ECU_Layer</Elem>
  </sourceRootList>
  <projectmakefile>Makefile</projectmakefile>
  <confs>
    <conf name="default" type="2">
      <toolsSet>
        <developmentServer>localhost</developmentServer>
        <targetDevice>PIC18F4620</targetDevice>
        <targetHeader></targetHeader>
        <targetPluginBoard></targetPluginBoard>
        <platformTool>noID</platformTool>
        <languageToolchain>XC8</languageToolchain>
        <languageToolchainVersion>2.45</languageToolchainVersion>
        <platform>3</platform>
      </toolsSet>
      <packs>
        <pack name="PIC18Fxxxx_DFP" vendor="Microchip" version="1.4.151"/>
      </packs>
      <ScriptingSettings>
      </ScriptingSettings>
      <compileType>
        <linkerTool>
          <linkerLibItems>
          </linkerLibItems>
        </linkerTool>
        <archiverTool>
        </archiverTool>
        <loading>
          <useAlternateLoadableFile>false</useAlternateLoadableFile>
          <parseOnProdLoad>false</parseOnProdLoad>
          <alternateLoadableFile></alternateLoadableFile>
        </loading>
        <subordinates>
        </subordinates>
      </compileType>
      <makeCustomizationType>
        <makeCustomizationPreStepEnabled>false</makeCustomizationPreStepEnabled>
        <makeUseCleanTarget>false</makeUseCleanTarget>
        <makeCustomizationPreStep></makeCustomizationPreStep>
        <makeCustomizationPostStepEnabled>false</makeCustomizationPostStepEnabled>
        <makeCustomizationPostStep></makeCustomizationPostStep>
        <makeCustomizationPutChecksumInUserID>false</makeCustomizationPutChecksumInUserID>
        <makeCustomizationEnableLongLines>false</makeCustomizationEnableLongLines>
        <makeCustomizationNormalizeHexFile>false</makeCustomizationNormalizeHexFile>
      </makeCustomizationType>
      <HI-TECH-COMP>
        <property key="additional-warnings" value="true"/>
        <property key="asmlist" value="true"/>
        <property key="call-prologues" value="false"/>
        <property key="default-bitfield-type" value="true"/>
        <property key="default-char-type" value="true"/>
        <property key="define-macros" value=""/>
        <property key="disable-optimizations" value="true"/>
        <property key="extra-include-directories" value=""/>
        <property key="favor-optimization-for" value="-speed,+space"/>
        <property key="garbage-collect-data" value="true"/>
        <property key="garbage-collect-functions" value="true"/>
        <property key="identifier-length" value="255"/>
        <property key="local-generation" value="false"/>
        <property key="operation-mode" value="free"/>
        <property key="opt-xc8-compiler-strict_ansi" value="false"/>
        <property key="optimization-assembler" value="true"/>
        <property key="optimization-assembler-files" value="true"/>
        <property key="optimization-debug" value="false"/>
        <property key="optimization-invariant-enable" value="false"/>
        <property key="optimization-invariant-value" value="16"/>
        <property key="optimization-level" value="-O0"/>
        <property key="optimization-speed" value="false"/>
        <property key="optimization-stable-enable" value="false"/>
        <property key="preprocess-assembler" value="true"/>
        <property key="short-enums" value="true"/>
        <property key="tentative-definitions" value="-fno-common"/>
        <property key="undefine-macros" value=""/>
        <property key="use-cci" value="false"/>
        <property key="use-iar" value="false"/>
        <property key="verbose" value="false"/>
        <property key="warning-level" value="-3"/>
        <property key="what-to-do" value="ignore"/>
      </HI-TECH-COMP>
      <HI-TECH-LINK>
        <property key="additional-options-checksum" value=""/>
        <property key="additional-options-code-offset" value=""/>
        <property key="additional-options-command-line" value=""/>
        <property key="additional-options-errata" value=""/>
        <property key="additional-options-extend-address" value="false"/>
        <property key="additional-options-trace-type" value=""/>
        <property key="additional-options-use-response-files" value="false"/>
        <property key="backup-reset-condition-flags" value="false"/>
        <property key="calibrate-oscillator" value="false"/>
        <property key="calibrate-oscillator-value" value="0x3400"/>
        <property key="clear-bss" value="true"/>
        <property key="code-model-external" value="wordwrite"/>
        <property key="code-model-rom" value=""/>
        <property key="create-html-files" value="false"/>
        <property key="data-model-ram" value=""/>
        <property key="data-model-size-of-double" value="32"/>
        <property key="data-model-size-of-double-gcc" value="no-short-double"/>
        <property key="data-model-size-of-float" value="32"/>
        <property key="data-model-size-of-float-gcc" value="no-short-float"/>
        <property key="display-class-usage" value="false"/>
        <property key="display-hex-usage" value="false"/>
        <property key="display-overall-usage" value="true"/>
        <property key="display-psect-usage" value="false"/>
        <property key="extra-lib-directories" value=""/>
        <property key="fill-flash-options-addr" value=""/>
        <property key="fill-flash-options-const" value=""/>
        <property key="fill-flash-options-how" value="0"/>
        <property key="fill-flash-options-inc-const" value="1"/>
        <property key="fill-flash-options-increment" value=""/>
        <property key="fill-flash-options-seq" value=""/>
        <property key="fill-flash-options-what" value="0"/>
        <property key="format-hex-file-for-download" value="false"/>
        <property key="initialize-data" value="true"/>
        <property key="input-libraries" value="libm"/>
        <property key="keep-generated-startup.as" value="false"/>
        <property key="link-in-c-library" value="true"/>
        <property key="link-in-c-library-gcc" value=""/>
        <property key="link-in-peripheral-library" value="false"/>
        <property key="managed-stack" value="false"/>
        <property key="opt-xc8-linker-file" value="false"/>
        <property key="opt-xc8-linker-link_startup" value="false"/>
        <property key="opt-xc8-linker-serial" value=""/>
        <property key="program-the-device-with-default-config-words" value="false"/>
        <property key="remove-unused-sections" value="true"/>
      </HI-TECH-LINK>
      <PICkit3PlatformTool>
        <property key="AutoSelectMemRanges" value="auto"/>
        <property key="Freeze Peripherals" value="true"/>
        <property key="SecureSegment.SegmentProgramming" value="FullChipProgramming"/>
        <property key="ToolFirmwareFilePath"
                  value="Press to browse for a specific firmware version"/>
        <property key="ToolFirmwareOption.UseLatestFirmware" value="true"/>
        <property key="debugoptions.debug-startup" value="Use system settings"/>
        <property key="debugoptions.reset-behaviour" value="Use system settings"/>
        <property key="debugoptions.useswbreakpoints" value="false"/>
        <property key="event.recorder.enabled" value="false"/>
        <property key="event.recorder.scvd.files" value=""/>
        <property key="hwtoolclock.frcindebug" value="false"/>
        <property key="lastid" value=""/>
        <property key="memories.aux" value="false"/>
        <property key="memories.bootflash" value="true"/>
        <property key="memories.configurationmemory" value="true"/>
        <property key="memories.configurationmemory2" value="true"/>
        <property key="memories.dataflash" value="true"/>
        <property key="memories.eeprom" value="true"/>
        <property key="memories.flashdata" value="true"/>
        <property key="memories.id" value="true"/>
        <property key="memories.instruction.ram" value="true"/>
        <property key="memories.instruction.ram.ranges"
                  value="${memories.instruction.ram.ranges}"/>
        <property key="memories.programmemory" value="true"/>
        <property key="memories.programmemory.ranges" value="0-ffff"/>
        <property key="poweroptions.powerenable" value="false"/>
        <property key="programmertogo.imagename" value=""/>
        <property key="programoptions.donoteraseauxmem" value="false"/>
        <property key="programoptions.eraseb4program" value="true"/>
        <property key="programoptions.pgmspeed" value="2"/>
        <property key="programoptions.preservedataflash" value="false"/>
        <property key="programoptions.preservedataflash.ranges"
                  value="${programoptions.preservedataflash.ranges}"/>
        <property key="programoptions.preserveeeprom" value="false"/>
        <property key="programoptions.preserveeeprom.ranges" value="0-3ff"/>
        <property key="programoptions.preserveprogram.ranges" value=""/>
        <property key="programoptions.preserveprogramrange" value="false"/>
        <property key="programoptions.preserveuserid" value="false"/>
        <property key="programoptions.programcalmem" value="false"/>
        <property key="programoptions.programuserotp" value="false"/>
        <property key="programoptions.testmodeentrymethod" value="VDDFirst"/>
        <property key="programoptions.usehighvoltageonmclr" value="false"/>
        <property key="programoptions.uselvpprogramming" value="false"/>
        <property key="voltagevalue" value="5.0"/>
      </PICkit3PlatformTool>
      <Tool>
        <property key="AutoSelectMemRanges" value="auto"/>
        <property key="Freeze Peripherals" value="true"/>
        <property key="SecureSegment.SegmentProgramming" value="FullChipProgramming"/>
        <property key="ToolFirmwareFilePath"
                  value="Press to browse for a specific firmware version"/>
        <property key="ToolFirmwareOption.UseLatestFirmware" value="true"/>
        <property key="debugoptions.debug-startup" value="Use system settings"/>
        <property key="debugoptions.reset-behaviour" value="Use system settings"/>
        <property key="debugoptions.useswbreakpoints" value="false"/>
        <property key="event.recorder.enabled" value="false"/>
        <property key="event.recorder.scvd.files" value=""/>
        <property key="hwtoolclock.frcindebug" value="false"/>
        <property key="lastid" value=""/>
        <property key="memories.aux" value="false"/>
        <property key="memories.bootflash" value="true"/>
        <property key="memories.configurationmemory" value="true"/>
        <property key="memories.configurationmemory2" value="true"/>
        <property key="memories.dataflash" value="true"/>
        <property key="memories.eeprom" value="true"/>
        <property key="memories.flashdata" value="true"/>
        <property key="memories.id" value="true"/>
        <property key="memories.instruction.ram" value="true"/>
        <property key="memories.instruction.ram.ranges"
                  value="${memories.instruction.ram.ranges}"/>
        <property key="memories.programmemory" value="true"/>
        <property key="memories.programmemory.ranges" value="0-ffff"/>
        <property key="poweroptions.powerenable" value="false"/>
        <property key="programmertogo.imagename" value=""/>
        <property key="programoptions.donoteraseauxmem" value="false"/>
        <property key="programoptions.eraseb4program" value="true"/>
        <property key="programoptions.pgmspeed" value="2"/>
        <property key="programoptions.preservedataflash" value="false"/>
        <property key="programoptions.preservedataflash.ranges"
                  value="${programoptions.preservedataflash.ranges}"/>
        <property key="programoptions.preserveeeprom" value="false"/>
        <property key="programoptions.preserveeeprom.ranges" value="0-3ff"/>
        <property key="programoptions.preserveprogram.ranges" value=""/>
        <property key="programoptions.preserveprogramrange" value="false"/>
        <property key="programoptions.preserveuserid" value="false"/>
        <property key="programoptions.programcalmem" value="false"/>
        <property key="programoptions.programuserotp" value="false"/>
        <property key="programoptions.testmodeentrymethod" value="VDDFirst"/>
        <property key="programoptions.usehighvoltageonmclr" value="false"/>
        <property key="programoptions.uselvpprogramming" value="false"/>
        <property key="voltagevalue" value="5.0"/>
      </Tool>
      <XC8-CO>
        <property key="coverage-enable" value=""/>
        <property key="stack-guidance" value="false"/>
      </XC8-CO>
      <XC8-config-global>
        <property key="advanced-elf" value="true"/>
        <property key="constdata-progmem" value="true"/>
        <property key="gcc-opt-driver-new" value="true"/>
        <property key="gcc-opt-std" value="-std=c99"/>
        <property key="gcc-output-file-format" value="coff"/>
        <property key="mapped-progmem" value="false"/>
        <property key="omit-pack-options" value="false"/>
        <property key="omit-pack-options-new" value="1"/>
        <property key="output-file-format" value="-mcof,+elf"/>
        <property key="smart-io-format" value=""/>
        <property key="stack-size-high" value="auto"/>
        <property key="stack-size-low" value="auto"/>
        <property key="stack-size-main" value="auto"/>
        <property key="stack-type" value="compiled"/>
        <property key="user-pack-device-support" value=""/>
        <property key="wpo-lto" value="false"/>
      </XC8-config-global>
    </conf>
  </confs>
</configurationDescriptor>
